mag_R_max,mag_G_max,mag_B_max,phase_R_max,phase_G_max,phase_B_max,mag_R_min,mag_G_min,mag_B_min,phase_R_min,phase_G_min,phase_B_min,mag_R_mean,mag_G_mean,mag_B_mean,phase_R_mean,phase_G_mean,phase_B_mean,mag_R_std,mag_G_std,mag_B_std,phase_R_std,phase_G_std,phase_B_std
4149842.8029009253,3182684.735184118,3333820.9423187114,6.283185307179586,6.283185307179586,6.283185307179586,-27906869.0,-23951451.0,-24936859.0,-6.283185307179586,-6.283185307179586,-6.283185307179586,34.63145890222781,135.34962504670045,144.18493092819386,7.067668323583826e-07,7.428790062749291e-07,-4.5398161494717937e-07,10419.150481819577,9409.519604082185,9443.189321412372,1.606171782862127,1.6038872204529218,1.6265938990072801
