mag_Y_max,mag_Cr_max,mag_Cb_max,phase_Y_max,phase_Cr_max,phase_Cb_max,mag_Y_min,mag_Cr_min,mag_Cb_min,phase_Y_min,phase_Cr_min,phase_Cb_min,mag_Y_mean,mag_Cr_mean,mag_Cb_mean,phase_Y_mean,phase_Cr_mean,phase_Cb_mean,mag_Y_std,mag_Cr_std,mag_Cb_std,phase_Y_std,phase_Cr_std,phase_Cb_std
15.007200658119018,14.016355836733638,13.636429819398312,6.283185307179586,6.283185307179586,6.283185307179586,-17.0126829990427,-13.558743002662649,-15.237518769221387,-6.283185307179586,-6.283185307179586,-6.283185307179586,0.579290475424222,0.8858047369569755,1.4384822500641528,5.777947826609353e-07,-6.54247373376542e-07,-1.107739288882017e-06,6.893865450233611,4.465758573023997,4.5848892155909375,1.5994547716952285,2.1240768756808888,2.1693895963434287
