mag_R_max,mag_G_max,mag_B_max,phase_R_max,phase_G_max,phase_B_max,mag_R_min,mag_G_min,mag_B_min,phase_R_min,phase_G_min,phase_B_min,mag_R_mean,mag_G_mean,mag_B_mean,phase_R_mean,phase_G_mean,phase_B_mean,mag_R_std,mag_G_std,mag_B_std,phase_R_std,phase_G_std,phase_B_std
15.019629934243929,14.973235969120044,15.2385812536436,6.283185307179586,6.283185307179586,6.283185307179586,-17.031857588124666,-16.99153950628834,-17.144383453039524,-6.283185307179586,-6.283185307179586,-6.283185307179586,0.5949292011312762,0.6185494688436446,0.37960680367891847,7.067668323583826e-07,7.428790062749291e-07,-4.5398161494717937e-07,6.909340023950682,6.9023993383188,6.954648060600925,1.606171782862127,1.6038872204529218,1.6265938990072801
