mag_R_max,mag_G_max,mag_B_max,phase_R_max,phase_G_max,phase_B_max,mag_R_min,mag_G_min,mag_B_min,phase_R_min,phase_G_min,phase_B_min,mag_R_mean,mag_G_mean,mag_B_mean,phase_R_mean,phase_G_mean,phase_B_mean,mag_R_std,mag_G_std,mag_B_std,phase_R_std,phase_G_std,phase_B_std
135855217.0,156903143.0,148352405.0,3.141592653589793,3.141592653589793,3.141592653589793,0.26717484204398306,0.3930467039383175,0.1844549793101568,-3.141592653589793,-3.141592653589793,-3.141592653589793,8814.03041683331,8864.51467626992,8940.354325505254,2.471104472274917e-06,4.4572740376683465e-06,2.692936397761373e-06,66290.74666972898,74220.80913376767,74752.1538781648,1.8129752834502697,1.8131023785194367,1.8126965600959166
