mag_R_max,mag_G_max,mag_B_max,phase_R_max,phase_G_max,phase_B_max,mag_R_min,mag_G_min,mag_B_min,phase_R_min,phase_G_min,phase_B_min,mag_R_mean,mag_G_mean,mag_B_mean,phase_R_mean,phase_G_mean,phase_B_mean,mag_R_std,mag_G_std,mag_B_std,phase_R_std,phase_G_std,phase_B_std
18.81510112297202,18.871139255743422,18.727100303110035,3.141592653589793,3.141592653589793,3.141592653589793,0.16928357998364726,0.3314939396803062,0.23679067785272917,-3.141592653589793,-3.141592653589793,-3.141592653589793,8.372257060049536,8.371629226143003,8.370417828679125,2.471104472274917e-06,4.4572740376683465e-06,2.692936397761373e-06,1.1400739002909321,1.138421690912077,1.1352474698060808,1.8129752834502697,1.8131023785194367,1.8126965600959166
