mag_Y_max,mag_Cr_max,mag_Cb_max,phase_Y_max,phase_Cr_max,phase_Cb_max,mag_Y_min,mag_Cr_min,mag_Cb_min,phase_Y_min,phase_Cr_min,phase_Cb_min,mag_Y_mean,mag_Cr_mean,mag_Cb_mean,phase_Y_mean,phase_Cr_mean,phase_Cb_mean,mag_Y_std,mag_Cr_std,mag_Cb_std,phase_Y_std,phase_Cr_std,phase_Cb_std
18.831507200977146,18.72995640514749,18.710759983402117,3.141592653589793,3.141592653589793,3.141592653589793,0.0857852048123025,9.999995008885107e-07,0.0,-3.141592653589793,-3.141592653589793,-3.141592653589793,8.368368329355626,5.238242028541486,5.327542673989938,3.177871304634624e-06,1.087593460328909e-06,7.933888541704186e-07,1.1385281454880243,1.2119675923694198,1.2570258622875745,1.8129887505450153,1.8123483417695903,1.813212153656342
